url,Company_Name,Job_Title,Skills,location,Positions_Remaining,LastUpdated
32818BR,FGBS- Ford Global Business Services,Financial Reporting Analyst,Finance,"India, Chennai",1,30-Apr-2019
33598BR,FGBS- Ford Global Business Services,Infrastructure Automation Engineer,IT,"India, Chennai",1,17-Apr-2019
33570BR,FGBS- Ford Global Business Services,Full Stack Developer - FCP,Information Technology,"India, Chennai",1,16-Apr-2019
33231BR,FGBS- Ford Global Business Services,EHPAS Security Admin,Information Technology,"India, Chennai",1,03-Apr-2019
33251BR,FGBS- Ford Global Business Services,Codification Analyst,Manufacturing,"India, Chennai",1,03-Apr-2019
33335BR,FGBS- Ford Global Business Services,SPI Analyst,Manufacturing,"India, Chennai",1,02-Apr-2019
33227BR,FGBS- Ford Global Business Services,Security Analyst,IT,"India, Chennai",1,29-Mar-2019
33228BR,FGBS- Ford Global Business Services,Security Analyst,IT,"India, Chennai",1,29-Mar-2019
33230BR,FGBS- Ford Global Business Services,Global Incident Management Analyst,Information Technology,"India, Chennai",1,29-Mar-2019
33229BR,FGBS- Ford Global Business Services,IT Operation Analyst,Information Technology,"India, Chennai",1,29-Mar-2019
33232BR,FGBS- Ford Global Business Services,RPA Analyst,IT,"India, Chennai",1,29-Mar-2019
33249BR,FGBS- Ford Global Business Services,Server Build Hosting Infra Review (HIR) Engineer – Windows,IT,"India, Chennai",1,29-Mar-2019
33248BR,FGBS- Ford Global Business Services,Vault (Hashicorp) Engineer,IT,"India, Chennai",1,29-Mar-2019
33250BR,FGBS- Ford Global Business Services,Cloud Automation Engineer,IT,"India, Chennai",1,29-Mar-2019
33268BR,FGBS- Ford Global Business Services,Mainframe Operations Analyst,IT,"India, Chennai",1,29-Mar-2019
33269BR,FGBS- Ford Global Business Services,IT Operations Engineer - PCF / CaaS,IT,"India, Chennai",1,29-Mar-2019
33270BR,FGBS- Ford Global Business Services,IT Operations Analyst,IT,"India, Chennai",1,29-Mar-2019
33283BR,FGBS- Ford Global Business Services,Linux / Unix L2 Engineer,Information Technology,"India, Chennai",1,29-Mar-2019
32832BR,FGBS- Ford Global Business Services,German Linguist,Finance,"India, Chennai",1,12-Mar-2019
32060BR,FGBS- Ford Global Business Services,SCM Analyst – Depot,Marketing Sales & Services,"India, Chennai",1,08-Mar-2019
32657BR,FGBS- Ford Global Business Services,Language Specialist,Credit,"India, Chennai",1,21-Feb-2019
32807BR,FGBS- Ford Global Business Services,Product Manager- IT,IT,"India, Chennai",1,11-Feb-2019
32817BR,FGBS- Ford Global Business Services,US Warranty Reporting Specialist,Marketing Sales & Services,"India, Chennai",1,05-Feb-2019
31287BR,FGBS- Ford Global Business Services,Analytics Modeler (Machine Learning),GDIA,"India, Chennai",1,04-Feb-2019
32676BR,FGBS- Ford Global Business Services,Agile Coach,IT,"India, Chennai",1,04-Feb-2019
32728BR,FGBS- Ford Global Business Services,Merchandiser,Marketing Sales & Services,"India, Chennai",1,24-Jan-2019
32756BR,FGBS- Ford Global Business Services,Job Title Market Sales Programming Specialist,Marketing Sales & Services,"India, Chennai",1,24-Jan-2019
32677BR,FGBS- Ford Global Business Services,New Model Coding & Specification Analyst,Marketing Sales & Services,"India, Chennai",1,16-Jan-2019
32578BR,FGBS- Ford Global Business Services,Forecast Analyst,Marketing Sales & Services,"India, Chennai",1,10-Jan-2019
32633BR,FGBS- Ford Global Business Services,City head operations - Pune,Strategy,"India, Chennai",1,10-Jan-2019
32563BR,FGBS- Ford Global Business Services,Software engineer - Documentum Technologies,IT,"India, Chennai",1,04-Jan-2019
32560BR,FGBS- Ford Global Business Services,Analyst Modeler,GDIA,"India, Chennai",1,03-Jan-2019
32618BR,FGBS- Ford Global Business Services,Data Insight & Visualisation Analyst,GDIA,"India, Chennai",1,03-Jan-2019
32619BR,FGBS- Ford Global Business Services,Data Insight & Visualisation Analyst,GDIA,"India, Chennai",1,03-Jan-2019
32620BR,FGBS- Ford Global Business Services,Data Insight & Visualisation Analyst,GDIA,"India, Chennai",1,03-Jan-2019
32588BR,FGBS- Ford Global Business Services,Technique Coach,IT,"India, Chennai",1,31-Dec-2018
32531BR,FGBS- Ford Global Business Services,Data Scientist - CAE specialist,GDIA,"India, Chennai",1,24-Dec-2018
32527BR,FGBS- Ford Global Business Services,Data Scientist - CV specialist,GDIA,"India, Chennai",1,24-Dec-2018
32561BR,FGBS- Ford Global Business Services,Data scientist - Machine Learning,GDIA,"India, Chennai",1,24-Dec-2018
30887BR,FGBS- Ford Global Business Services,Accounting Associate,Credit,"India, Chennai",1,14-Dec-2018
32391BR,FGBS- Ford Global Business Services,Analytics Manager,GDIA,"India, Chennai",1,04-Dec-2018
32393BR,FGBS- Ford Global Business Services,Analyst -  Revenue Management Analytics,GDIA,"India, Chennai",1,04-Dec-2018
32232BR,FGBS- Ford Global Business Services,Security and Controls Champion,IT,"India, Chennai",1,30-Nov-2018
32191BR,FGBS- Ford Global Business Services,Analytics Modeler – Statistics / Econometrics,GDIA,"India, Chennai",1,22-Nov-2018
32109BR,FGBS- Ford Global Business Services,Analyst,GDIA,"India, Chennai",1,21-Nov-2018
32236BR,FGBS- Ford Global Business Services,Network Analyst,IT,"India, Chennai",1,16-Nov-2018
32240BR,FGBS- Ford Global Business Services,Business Analyst,IT,"India, Chennai",1,16-Nov-2018
31502BR,FGBS- Ford Global Business Services,Software Developer - Java JEE,IT,"India, Chennai",1,15-Nov-2018
32209BR,FGBS- Ford Global Business Services,Security and Controls Practitioner,IT,"India, Chennai",1,14-Nov-2018
31898BR,FGBS- Ford Global Business Services,IT Operations Engineer,IT,"India, Chennai",1,11-Nov-2018
